imdbRating,Year,Plot,Awards,Released,Title,Actors,Country,Director,Runtime,Response,Writer,imdbVotes,Language,Poster,imdbID,Genre,Type,Metascore,Rated
01 Apr 1957,tt0050083,N/A,http://ia.media-imdb.com/images/M/MV5BODQwOTc5MDM2N15BMl5BanBnXkFtZTcwODQxNTEzNA@@._V1_SX300.jpg,movie,"Reginald Rose (story), Reginald Rose (screenplay)",English,8.9,"Crime, Drama",1957,96 min,USA,NOT RATED,"Martin Balsam, John Fiedler, Lee J. Cobb, E.G. Marshall","446,681",Sidney Lumet,12 Angry Men,True,Nominated for 3 Oscars. Another 16 wins & 8 nominations.,A jury holdout attempts to prevent a miscarriage of justice by forcing his colleagues to reconsider the evidence.
13 Jun 2014,tt2294449,71,http://ia.media-imdb.com/images/M/MV5BMTcwNzAxMDU1M15BMl5BanBnXkFtZTgwNDE2NTU1MTE@._V1_SX300.jpg,movie,"Michael Bacall (screenplay), Oren Uziel (screenplay), Rodney Rothman (screenplay), Michael Bacall (story), Jonah Hill (story), Patrick Hasburgh (television series ""21 Jump Street""), Stephen J. Cannell (television series ""21 Jump Street"")",English,7.1,"Action, Comedy, Crime",2014,112 min,USA,R,"Jonah Hill, Channing Tatum, Peter Stormare, Wyatt Russell","257,765","Phil Lord, Christopher Miller",22 Jump Street,True,7 wins & 22 nominations.,"After making their way through high school (twice), big changes are in store for officers Schmidt and Jenko when they go deep undercover at a local college."
04 Jan 2002,tt0268978,72,http://ia.media-imdb.com/images/M/MV5BMTQ4MDI2MzkwMl5BMl5BanBnXkFtZTYwMjk0NTA5._V1_SX300.jpg,movie,"Akiva Goldsman, Sylvia Nasar (book)",English,8.2,"Biography, Drama",2001,135 min,USA,PG-13,"Russell Crowe, Ed Harris, Jennifer Connelly, Christopher Plummer","611,578",Ron Howard,A Beautiful Mind,True,Won 4 Oscars. Another 33 wins & 63 nominations.,"After John Nash, a brilliant but asocial mathematician, accepts secret work in cryptography, his life takes a turn for the nightmarish."
14 Feb 2013,tt1606378,28,http://ia.media-imdb.com/images/M/MV5BMTcwNzgyNzUzOV5BMl5BanBnXkFtZTcwMzAwOTA5OA@@._V1_SX300.jpg,movie,"Skip Woods, Roderick Thorp (certain original characters by)","English, Russian, Hindi",5.3,"Action, Thriller",2013,98 min,USA,R,"Bruce Willis, Jai Courtney, Sebastian Koch, Mary Elizabeth Winstead","165,494",John Moore,A Good Day to Die Hard,True,3 wins & 7 nominations.,"John McClane travels to Russia to help out his seemingly wayward son, Jack, only to discover that Jack is a CIA operative working undercover, causing the father and son to team up against underworld forces."
25 Jan 2002,tt0281358,35,http://ia.media-imdb.com/images/M/MV5BMTM1MTYzNjA3M15BMl5BanBnXkFtZTcwMjk2NTE4Mg@@._V1_SX300.jpg,movie,"Nicholas Sparks (novel), Karen Janszen (screenplay)",English,7.4,"Drama, Family, Music",2002,101 min,USA,PG,"Shane West, Mandy Moore, Peter Coyote, Daryl Hannah","162,491",Adam Shankman,A Walk to Remember,True,4 wins & 2 nominations.,"The story of two North Carolina teens, Landon Carter and Jamie Sullivan, who are thrown together after Landon gets into trouble and is made to do community service."
02 Jul 1980,tt0080339,N/A,http://ia.media-imdb.com/images/M/MV5BNDU2MjE4MTcwNl5BMl5BanBnXkFtZTgwNDExOTMxMDE@._V1_SX300.jpg,movie,"Jim Abrahams (written for the screen by), David Zucker (written for the screen by), Jerry Zucker (written for the screen by)",English,7.8,Comedy,1980,88 min,USA,PG,"Kareem Abdul-Jabbar, Lloyd Bridges, Peter Graves, Julie Hagerty","159,986","Jim Abrahams, David Zucker, Jerry Zucker",Airplane!,True,Nominated for 1 Golden Globe. Another 2 wins & 6 nominations.,A man afraid to fly must ensure that a plane lands safely after the pilots become sick.
16 Jan 2015,tt2179136,72,http://ia.media-imdb.com/images/M/MV5BMTkxNzI3ODI4Nl5BMl5BanBnXkFtZTgwMjkwMjY4MjE@._V1_SX300.jpg,movie,"Jason Hall, Chris Kyle (book), Scott McEwen (book), Jim DeFelice (book)","English, Arabic",7.3,"Action, Biography, Drama",2014,133 min,USA,R,"Bradley Cooper, Kyle Gallner, Cole Konis, Ben Reed","323,814",Clint Eastwood,American Sniper,True,Won 1 Oscar. Another 18 wins & 38 nominations.,"Navy S.E.A.L. sniper Chris Kyle's pinpoint accuracy saves countless lives on the battlefield and turns him into a legend. Back home to his wife and kids after four tours of duty, however, Chris finds that it is the war he can't leave behind."
21 Aug 2015,tt3316948,50,http://ia.media-imdb.com/images/M/MV5BMTcwMTM1NDU1Ml5BMl5BanBnXkFtZTgwNDk5MTgzNjE@._V1_SX300.jpg,movie,Max Landis,"English, Mandarin",6.1,"Action, Comedy, Sci-Fi",2015,96 min,"USA, Switzerland",R,"Jesse Eisenberg, Kristen Stewart, Topher Grace, Connie Britton","53,460",Nima Nourizadeh,American Ultra,True,N/A,A stoner - who is in fact a government agent - is marked as a liability and targeted for extermination. But he's too well-trained and too high for them to handle.
17 Jul 2015,tt0478970,64,http://ia.media-imdb.com/images/M/MV5BMjM2NTQ5Mzc2M15BMl5BanBnXkFtZTgwNTcxMDI2NTE@._V1_SX300.jpg,movie,"Edgar Wright (screenplay), Joe Cornish (screenplay), Adam McKay (screenplay), Paul Rudd (screenplay), Edgar Wright (story by), Joe Cornish (story by), Stan Lee (based on the comics by), Larry Lieber (based on the comics by), Jack Kirby (based on the comics by)",English,7.4,"Action, Adventure, Comedy",2015,117 min,USA,PG-13,"Paul Rudd, Michael Douglas, Evangeline Lilly, Corey Stoll","310,184",Peyton Reed,Ant-Man,True,Nominated for 1 BAFTA Film Award. Another 2 wins & 27 nominations.,"Armed with a super-suit with the astonishing ability to shrink in scale but increase in strength, cat burglar Scott Lang must embrace his inner hero and help his mentor, Dr. Hank Pym, plan and pull off a heist that will save the world."
23 Nov 2011,tt1430607,69,http://ia.media-imdb.com/images/M/MV5BMTYyMjMyMzEzMl5BMl5BanBnXkFtZTcwMDg4NTM5Ng@@._V1_SX300.jpg,movie,"Peter Baynham (screenplay), Sarah Smith (screenplay)",English,7.1,"Animation, Adventure, Comedy",2011,97 min,"UK, USA",PG,"James McAvoy, Hugh Laurie, Bill Nighy, Jim Broadbent","35,462","Sarah Smith, Barry Cook",Arthur Christmas,True,Nominated for 1 Golden Globe. Another 3 wins & 21 nominations.,Santa's clumsy son Arthur gets put on a mission with St. Nick's father to give out a present they misplaced to a young girl in less than 2 hours.
01 May 2015,tt2395427,66,http://ia.media-imdb.com/images/M/MV5BMTM4OGJmNWMtOTM4Ni00NTE3LTg3MDItZmQxYjc4N2JhNmUxXkEyXkFqcGdeQXVyNTgzMDMzMTg@._V1_SX300.jpg,movie,"Joss Whedon, Stan Lee (based on the Marvel comics by), Jack Kirby (based on the Marvel comics by)",English,7.5,"Action, Adventure, Sci-Fi",2015,141 min,USA,PG-13,"Robert Downey Jr., Chris Hemsworth, Mark Ruffalo, Chris Evans","459,751",Joss Whedon,Avengers: Age of Ultron,True,3 wins & 40 nominations.,"When Tony Stark and Bruce Banner try to jump-start a dormant peacekeeping program called Ultron, things go horribly wrong and it's up to Earth's Mightiest Heroes to stop the villainous Ultron from enacting his terrible plans."
25 Mar 2016,tt2975590,44,http://ia.media-imdb.com/images/M/MV5BYThjYzcyYzItNTVjNy00NDk0LTgwMWQtYjMwNmNlNWJhMzMyXkEyXkFqcGdeQXVyMTQxNzMzNDI@._V1_SX300.jpg,movie,"Chris Terrio, David S. Goyer, Bob Kane (Batman created by), Bill Finger (Batman created by), Jerry Siegel (Superman created by), Joe Shuster (Superman created by)",English,6.9,"Action, Adventure, Sci-Fi",2016,151 min,USA,PG-13,"Ben Affleck, Henry Cavill, Amy Adams, Jesse Eisenberg","355,257",Zack Snyder,Batman v Superman: Dawn of Justice,True,5 nominations.,"Fearing that the actions of Superman are left unchecked, Batman takes on the Man of Steel, while the world wrestles with what kind of a hero it really needs."
11 Jul 2014,tt1980929,62,http://ia.media-imdb.com/images/M/MV5BNjAxMTI4MTgzMV5BMl5BanBnXkFtZTgwOTAwODEwMjE@._V1_SX300.jpg,movie,John Carney,English,7.4,"Drama, Music",2013,104 min,USA,R,"James Corden, Keira Knightley, Mark Ruffalo, Hailee Steinfeld","98,959",John Carney,Begin Again,True,Nominated for 1 Oscar. Another 2 wins & 16 nominations.,A chance encounter between a disgraced music-business executive and a young singer-songwriter new to Manhattan turns into a promising collaboration between the two talents.
18 Sep 2015,tt1355683,68,http://ia.media-imdb.com/images/M/MV5BNzg0ODI3NDQxNF5BMl5BanBnXkFtZTgwMzgzNDA0NjE@._V1_SX300.jpg,movie,"Mark Mallouk (screenplay), Jez Butterworth (screenplay), Dick Lehr (based on the book by), Gerard O'Neill (based on the book by)",English,7.0,"Biography, Crime, Drama",2015,123 min,"USA, UK",R,"Johnny Depp, Joel Edgerton, Benedict Cumberbatch, Dakota Johnson","114,130",Scott Cooper,Black Mass,True,5 wins & 20 nominations.,"The true story of Whitey Bulger, the brother of a state senator and the most infamous violent criminal in the history of South Boston, who became an FBI informant to take down a Mafia family invading his turf."
25 Jun 1982,tt0083658,89,http://ia.media-imdb.com/images/M/MV5BZWZlYmEyYTItNGRjYy00ZmMxLWEzMWItM2Q2NjZlNTMwMjQ3XkEyXkFqcGdeQXVyNDYyMDk5MTU@._V1_SX300.jpg,movie,"Hampton Fancher (screenplay), David Webb Peoples (screenplay), Philip K. Dick (novel)","English, German, Cantonese, Japanese, Hungarian",8.2,"Sci-Fi, Thriller",1982,117 min,"USA, Hong Kong, UK",R,"Harrison Ford, Rutger Hauer, Sean Young, Edward James Olmos","461,192",Ridley Scott,Blade Runner,True,Nominated for 2 Oscars. Another 11 wins & 16 nominations.,A blade runner must pursue and try to terminate four replicants who stole a ship in space and have returned to Earth to find their creator.
07 Feb 1974,tt0071230,N/A,http://ia.media-imdb.com/images/M/MV5BMTcyMzQ0MjQ5MF5BMl5BanBnXkFtZTYwOTczNjA5._V1_SX300.jpg,movie,"Mel Brooks (screenplay), Norman Steinberg (screenplay), Andrew Bergman (screenplay), Richard Pryor (screenplay), Alan Uger (screenplay), Andrew Bergman (story)","English, Yiddish, German",7.8,"Comedy, Western",1974,93 min,USA,R,"Cleavon Little, Gene Wilder, Slim Pickens, Harvey Korman","95,265",Mel Brooks,Blazing Saddles,True,Nominated for 3 Oscars. Another 3 wins & 2 nominations.,"To ruin a western town, a corrupt political boss appoints a black sheriff, who promptly becomes his most formidable adversary."
30 Oct 2015,tt2503944,42,http://ia.media-imdb.com/images/M/MV5BNjEzNTk2OTEwNF5BMl5BanBnXkFtZTgwNzExMTg0NjE@._V1_SX300.jpg,movie,"Steven Knight (screenplay), Michael Kalesniko (story)","English, French, Spanish",6.6,"Comedy, Drama",2015,101 min,USA,R,"Bradley Cooper, Sienna Miller, Daniel Brühl, Riccardo Scamarcio","60,693",John Wells,Burnt,True,6 wins.,"Adam Jones (Bradley Cooper) is a chef who destroyed his career with drugs and diva behavior. He cleans up and returns to London, determined to redeem himself by spearheading a top restaurant that can gain three Michelin stars."
24 Oct 1969,tt0064115,58,http://ia.media-imdb.com/images/M/MV5BMTkyMTM2NDk5Nl5BMl5BanBnXkFtZTgwNzY1NzEyMDE@._V1_SX300.jpg,movie,William Goldman,"English, Spanish",8.1,"Biography, Crime, Drama",1969,110 min,USA,M,"Paul Newman, Robert Redford, Katharine Ross, Strother Martin","151,641",George Roy Hill,Butch Cassidy and the Sundance Kid,True,Won 4 Oscars. Another 16 wins & 14 nominations.,Two Western bank/train robbers flee to Bolivia when the law gets too close.
04 Apr 2014,tt1843866,70,http://ia.media-imdb.com/images/M/MV5BMzA2NDkwODAwM15BMl5BanBnXkFtZTgwODk5MTgzMTE@._V1_SX300.jpg,movie,"Christopher Markus (screenplay), Stephen McFeely (screenplay), Joe Simon (based on the Marvel comic by), Jack Kirby (based on the Marvel comic by)","English, French",7.8,"Action, Adventure, Sci-Fi",2014,136 min,USA,PG-13,"Chris Evans, Samuel L. Jackson, Scarlett Johansson, Robert Redford","494,587","Anthony Russo, Joe Russo",Captain America: The Winter Soldier,True,Nominated for 1 Oscar. Another 5 wins & 49 nominations.,"As Steve Rogers struggles to embrace his role in the modern world, he teams up with a fellow Avenger and S.H.I.E.L.D agent, Black Widow, to battle a new threat from history: an assassin known as the Winter Soldier."
25 Dec 2002,tt0264464,76,http://ia.media-imdb.com/images/M/MV5BMTY5MzYzNjc5NV5BMl5BanBnXkFtZTYwNTUyNTc2._V1_SX300.jpg,movie,"Jeff Nathanson (screenplay), Frank Abagnale Jr. (book), Stan Redding (book)","English, French",8.0,"Biography, Crime, Drama",2002,141 min,"USA, Canada",PG-13,"Leonardo DiCaprio, Tom Hanks, Christopher Walken, Martin Sheen","524,019",Steven Spielberg,Catch Me If You Can,True,Nominated for 2 Oscars. Another 11 wins & 39 nominations.,"The true story of Frank Abagnale Jr. who, before his 19th birthday, successfully conned millions of dollars' worth of checks as a Pan Am pilot, doctor, and legal prosecutor."
06 Mar 2015,tt1823672,41,http://ia.media-imdb.com/images/M/MV5BMTUyNTI4NTIwNl5BMl5BanBnXkFtZTgwMjQ4MTI0NDE@._V1_SX300.jpg,movie,"Neill Blomkamp, Terri Tatchell",English,6.9,"Action, Crime, Drama",2015,120 min,"USA, South Africa",R,"Sharlto Copley, Dev Patel, Ninja, Yo-Landi Visser","172,660",Neill Blomkamp,Chappie,True,2 nominations.,"In the near future, crime is patrolled by a mechanized police force. When one police droid, Chappie, is stolen and given new programming, he becomes the first robot with the ability to think and feel for himself."
05 Dec 2014,tt2965412,52,http://ia.media-imdb.com/images/M/MV5BMTgwMTE4NzAwOF5BMl5BanBnXkFtZTgwNzE0MjkxMzE@._V1_SX300.jpg,movie,Sam Esmail,English,6.7,"Comedy, Drama, Romance",2014,91 min,USA,R,"Justin Long, Kayla Servi, Eric Winter, Emmy Rossum","11,532",Sam Esmail,Comet,True,2 nominations.,"Set in a parallel universe, Comet bounces back and forth over the course of an unlikely but perfectly paired couple's six-year relationship."
01 Nov 1967,tt0061512,N/A,http://ia.media-imdb.com/images/M/MV5BODMyMDA0MTY2OF5BMl5BanBnXkFtZTcwMzkzNjk3OA@@._V1_SX300.jpg,movie,"Donn Pearce (screenplay), Frank Pierson (screenplay), Donn Pearce (novel)",English,8.2,Drama,1967,126 min,USA,PG,"Paul Newman, George Kennedy, J.D. Cannon, Lou Antonio","119,824",Stuart Rosenberg,Cool Hand Luke,True,Won 1 Oscar. Another 2 wins & 9 nominations.,A man refuses to conform to life in a rural prison.
25 Nov 2015,tt3076658,82,http://ia.media-imdb.com/images/M/MV5BODg5NDM1MDI4NF5BMl5BanBnXkFtZTgwMzg0MzQxNzE@._V1_SX300.jpg,movie,"Ryan Coogler (screenplay), Aaron Covington (screenplay), Ryan Coogler (story), Sylvester Stallone (characters)","English, Spanish",7.7,"Drama, Sport",2015,133 min,USA,PG-13,"Michael B. Jordan, Sylvester Stallone, Tessa Thompson, Phylicia Rashad","145,485",Ryan Coogler,Creed,True,Nominated for 1 Oscar. Another 45 wins & 55 nominations.,"The former World Heavyweight Champion Rocky Balboa serves as a trainer and mentor to Adonis Johnson, the son of his late friend and former rival Apollo Creed."
22 Nov 2013,tt0790636,84,http://ia.media-imdb.com/images/M/MV5BMTYwMTA4MzgyNF5BMl5BanBnXkFtZTgwMjEyMjE0MDE@._V1_SX300.jpg,movie,"Craig Borten, Melisa Wallack","English, Japanese",8.0,"Biography, Drama",2013,117 min,USA,R,"Matthew McConaughey, Jennifer Garner, Jared Leto, Denis O'Hare","325,215",Jean-Marc Vallée,Dallas Buyers Club,True,Won 3 Oscars. Another 79 wins & 78 nominations.,"In 1985 Dallas, electrician and hustler Ron Woodroof works around the system to help AIDS patients get the medication they need after he is diagnosed with the disease."
12 Feb 2016,tt1431045,65,http://ia.media-imdb.com/images/M/MV5BMjQyODg5Njc4N15BMl5BanBnXkFtZTgwMzExMjE3NzE@._V1_SX300.jpg,movie,"Rhett Reese, Paul Wernick, Fabian Nicieza (character), Rob Liefeld (character)",English,8.1,"Action, Adventure, Comedy",2016,108 min,USA,R,"Ryan Reynolds, Karan Soni, Ed Skrein, Michael Benyaer","467,718",Tim Miller,Deadpool,True,2 wins & 10 nominations.,"A former Special Forces operative turned mercenary is subjected to a rogue experiment that leaves him with accelerated healing powers, adopting the alter ego Deadpool."
20 Jul 1988,tt0095016,70,http://ia.media-imdb.com/images/M/MV5BYmY2ZGEwMTYtNjBmZS00OGE4LWEyMmUtNjAwMWUxZjVmZTRiXkEyXkFqcGdeQXVyNjU0OTQ0OTY@._V1_SX300.jpg,movie,"Roderick Thorp (novel), Jeb Stuart (screenplay), Steven E. de Souza (screenplay)","English, German, Italian",8.2,"Action, Thriller",1988,131 min,USA,R,"Bruce Willis, Bonnie Bedelia, Reginald VelJohnson, Paul Gleason","590,848",John McTiernan,Die Hard,True,Nominated for 4 Oscars. Another 6 wins & 2 nominations.,"John McClane, officer of the NYPD, tries to save his wife Holly Gennaro and several others that were taken hostage by German terrorist Hans Gruber during a Christmas party at the Nakatomi Plaza in Los Angeles."
04 Jul 1990,tt0099423,67,http://ia.media-imdb.com/images/M/MV5BNGNjNGY3NWQtOGVhYy00NzhmLWE1ZTctM2EyN2M4ZmMxZDUzXkEyXkFqcGdeQXVyNDk3NzU2MTQ@._V1_SX300.jpg,movie,"Walter Wager (novel), Steven E. de Souza (screenplay), Doug Richardson (screenplay)","English, Spanish",7.1,"Action, Thriller",1990,124 min,USA,R,"Bruce Willis, Bonnie Bedelia, William Atherton, Reginald VelJohnson","269,374",Renny Harlin,Die Hard 2,True,1 win & 1 nomination.,"John McClane attempts to avert disaster as rogue military operatives seize control of Dulles International Airport in Washington, D.C."
19 May 1995,tt0112864,58,http://ia.media-imdb.com/images/M/MV5BOTgyNDM4Mjg0OF5BMl5BanBnXkFtZTcwMjQxNTEzMQ@@._V1_SX300.jpg,movie,"Jonathan Hensleigh, Roderick Thorp (certain original characters)","English, German, Romanian",7.6,"Action, Adventure, Thriller",1995,128 min,USA,R,"Bruce Willis, Jeremy Irons, Samuel L. Jackson, Graham Greene","299,395",John McTiernan,Die Hard with a Vengeance,True,2 wins & 3 nominations.,"John McClane and a Harlem store owner are targeted by German terrorist Simon Gruber in New York City, where he plans to rob the Federal Reserve Building."
29 Jan 1964,tt0057012,96,http://ia.media-imdb.com/images/M/MV5BMTU2ODM2NTkxNF5BMl5BanBnXkFtZTcwOTMwMzU3Mg@@._V1_SX300.jpg,movie,"Stanley Kubrick (screenplay), Terry Southern (screenplay), Peter George (screenplay), Peter George (based on the book: ""Red Alert"" by)","English, Russian",8.5,Comedy,1964,95 min,"USA, UK",PG,"Peter Sellers, George C. Scott, Sterling Hayden, Keenan Wynn","341,799",Stanley Kubrick,Dr. Strangelove or: How I Learned to Stop Worrying and Love the Bomb,True,Nominated for 4 Oscars. Another 13 wins & 6 nominations.,An insane general triggers a path to nuclear holocaust that a war room full of politicians and generals frantically try to stop.
21 Sep 2012,tt1343727,59,http://ia.media-imdb.com/images/M/MV5BODkyNDQzMzUzOF5BMl5BanBnXkFtZTcwODYyMDEyOA@@._V1_SX300.jpg,movie,"John Wagner (characters), Carlos Ezquerra (characters), Alex Garland (screenplay)",English,7.1,"Action, Sci-Fi",2012,95 min,"UK, USA, India, South Africa",R,"Karl Urban, Rachel Wood, Andile Mngadi, Porteus Xandau","203,042",Pete Travis,Dredd,True,2 wins & 14 nominations.,"In a violent, futuristic city where the police have the authority to act as judge, jury and executioner, a cop teams with a trainee to take down a gang that deals the reality-altering drug, SLO-MO."
06 Jun 2014,tt1631867,71,http://ia.media-imdb.com/images/M/MV5BMTc5OTk4MTM3M15BMl5BanBnXkFtZTgwODcxNjg3MDE@._V1_SX300.jpg,movie,"Christopher McQuarrie (screenplay), Jez Butterworth (screenplay), John-Henry Butterworth (screenplay), Hiroshi Sakurazaka (novel)",English,7.9,"Action, Adventure, Sci-Fi",2014,113 min,"USA, Canada",PG-13,"Tom Cruise, Emily Blunt, Brendan Gleeson, Bill Paxton","430,438",Doug Liman,Edge of Tomorrow,True,11 wins & 34 nominations.,"A soldier fighting aliens gets to relive the same day over and over again, the day restarting every time he dies."
03 Jun 2015,tt1674771,38,http://ia.media-imdb.com/images/M/MV5BZTBiZGNkNzktNTYzNC00MjE4LTk1NTYtYTM3NTQ4NmEzNWYwXkEyXkFqcGdeQXVyNDk3NzU2MTQ@._V1_SX300.jpg,movie,"Doug Ellin (screenplay), Doug Ellin (story), Rob Weiss (story), Doug Ellin (based on characters created by)",English,6.6,Comedy,2015,104 min,USA,R,"Kevin Connolly, Adrian Grenier, Kevin Dillon, Jerry Ferrara","59,312",Doug Ellin,Entourage,True,N/A,"Movie star Vincent Chase, together with his boys Eric, Turtle, and Johnny, are back - and back in business with super agent-turned-studio head Ari Gold on a risky project that will serve as Vince's directorial debut."
19 Mar 2004,tt0338013,89,http://ia.media-imdb.com/images/M/MV5BMTY4NzcwODg3Nl5BMl5BanBnXkFtZTcwNTEwOTMyMw@@._V1_SX300.jpg,movie,"Charlie Kaufman (story), Michel Gondry (story), Pierre Bismuth (story), Charlie Kaufman (screenplay)",English,8.3,"Drama, Fantasy, Romance",2004,108 min,USA,R,"Jim Carrey, Kate Winslet, Gerry Robert Byrne, Elijah Wood","664,819",Michel Gondry,Eternal Sunshine of the Spotless Mind,True,Won 1 Oscar. Another 67 wins & 103 nominations.,"When their relationship turns sour, a couple undergoes a procedure to have each other erased from their memories. But it is only through the process of loss that they discover what they had to begin with."
15 Oct 1999,tt0137523,66,http://ia.media-imdb.com/images/M/MV5BNGM2NjQxZTAtMmU5My00YTk5LWFmOWMtYjZlYzk4YzMwNjFlXkEyXkFqcGdeQXVyNDk3NzU2MTQ@._V1_SX300.jpg,movie,"Chuck Palahniuk (novel), Jim Uhls (screenplay)",English,8.8,Drama,1999,139 min,"USA, Germany",R,"Edward Norton, Brad Pitt, Meat Loaf, Zach Grenier","1,347,001",David Fincher,Fight Club,True,Nominated for 1 Oscar. Another 10 wins & 31 nominations.,"An insomniac office worker, looking for a way to change his life, crosses paths with a devil-may-care soap maker, forming an underground fight club that evolves into something much, much more."
27 Feb 2015,tt2381941,56,http://ia.media-imdb.com/images/M/MV5BMTUwODg2OTA4OF5BMl5BanBnXkFtZTgwOTE5MTE4MzE@._V1_SX300.jpg,movie,"Glenn Ficarra, John Requa","English, Spanish",6.6,"Comedy, Crime, Drama",2015,105 min,"USA, Argentina",R,"Will Smith, Margot Robbie, Adrian Martinez, Gerald McRaney","148,421","Glenn Ficarra, John Requa",Focus,True,2 nominations.,"In the midst of veteran con man Nicky's latest scheme, a woman from his past - now an accomplished femme fatale - shows up and throws his plans for a loop."
09 Nov 2007,tt0486583,42,http://ia.media-imdb.com/images/M/MV5BMTY0NDEwNzc0N15BMl5BanBnXkFtZTcwNjgxNzUzMw@@._V1_SX300.jpg,movie,"Dan Fogelman (screenplay), Jessie Nelson (story), Dan Fogelman (story)",English,5.6,"Comedy, Family, Fantasy",2007,116 min,USA,PG,"Vince Vaughn, Paul Giamatti, John Michael Higgins, Miranda Richardson","31,496",David Dobkin,Fred Claus,True,N/A,"Fred Claus, Santa's bitter older brother, is forced to move to the North Pole."
17 Oct 2014,tt2713180,64,http://ia.media-imdb.com/images/M/MV5BMjA4MDU0NTUyN15BMl5BanBnXkFtZTgwMzQxMzY4MjE@._V1_SX300.jpg,movie,David Ayer,"English, German",7.6,"Action, Drama, War",2014,134 min,"USA, China, UK",R,"Brad Pitt, Shia LaBeouf, Logan Lerman, Michael Peña","302,534",David Ayer,Fury,True,5 wins & 19 nominations.,"1945, in World War II Germany, the tough Sergeant Don 'Wardaddy' Collier commands a tank and survives a German attack with his veteran crew composed of Boyd 'Bible' Swan, Trini 'Gordo' ..."
27 Mar 2015,tt2561572,34,http://ia.media-imdb.com/images/M/MV5BMTc3OTc1NjM0M15BMl5BanBnXkFtZTgwNjAyMzE1MzE@._V1_SX300.jpg,movie,"Jay Martel (screenplay), Ian Roberts (screenplay), Etan Cohen (screenplay), Adam McKay (story), Jay Martel (story), Ian Roberts (story)",English,6.0,"Comedy, Crime",2015,100 min,USA,R,"Will Ferrell, Kevin Hart, Craig T. Nelson, Alison Brie","85,569",Etan Cohen,Get Hard,True,1 nomination.,"When millionaire James King is jailed for fraud and bound for San Quentin, he turns to Darnell Lewis to prep him to go behind bars."
26 Feb 2016,tt2404233,25,http://ia.media-imdb.com/images/M/MV5BNjExODg3MDUzNl5BMl5BanBnXkFtZTgwNjExMjE3NzE@._V1_SX300.jpg,movie,"Matt Sazama, Burk Sharpless",English,5.5,"Action, Adventure, Fantasy",2016,126 min,"USA, Australia",PG-13,"Brenton Thwaites, John Samaha, Courtney Eaton, Nikolaj Coster-Waldau","50,134",Alex Proyas,Gods of Egypt,True,N/A,"Mortal hero Bek teams with the god Horus in an alliance against Set, the merciless god of darkness, who has usurped Egypt's throne, plunging the once peaceful and prosperous empire into chaos and conflict."
21 Sep 1990,tt0099685,89,http://ia.media-imdb.com/images/M/MV5BMTY2OTE5MzQ3MV5BMl5BanBnXkFtZTgwMTY2NTYxMTE@._V1_SX300.jpg,movie,"Nicholas Pileggi (book), Nicholas Pileggi (screenplay), Martin Scorsese (screenplay)","English, Italian",8.7,"Biography, Crime, Drama",1990,146 min,USA,R,"Robert De Niro, Ray Liotta, Joe Pesci, Lorraine Bracco","728,777",Martin Scorsese,Goodfellas,True,Won 1 Oscar. Another 37 wins & 32 nominations.,Henry Hill and his friends work their way up through the mob hierarchy.
12 Feb 1993,tt0107048,72,http://ia.media-imdb.com/images/M/MV5BMTU0MzQyNTExMV5BMl5BanBnXkFtZTgwMjA0Njk1MDE@._V1_SX300.jpg,movie,"Danny Rubin (screenplay), Harold Ramis (screenplay), Danny Rubin (story)","English, French, Italian",8.1,"Comedy, Fantasy, Romance",1993,101 min,USA,PG,"Bill Murray, Andie MacDowell, Chris Elliott, Stephen Tobolowsky","437,177",Harold Ramis,Groundhog Day,True,Won 1 BAFTA Film Award. Another 5 wins & 8 nominations.,A weatherman finds himself living the same day over and over again.
05 Feb 2016,tt0475290,72,http://ia.media-imdb.com/images/M/MV5BMjQyODc3MTI2NF5BMl5BanBnXkFtZTgwNDMxMjU2NzE@._V1_SX300.jpg,movie,"Joel Coen, Ethan Coen",English,6.4,"Comedy, Mystery",2016,106 min,"UK, USA, Japan",PG-13,"Josh Brolin, George Clooney, Alden Ehrenreich, Ralph Fiennes","59,630","Ethan Coen, Joel Coen","Hail, Caesar!",True,1 win.,A Hollywood fixer in the 1950s works to keep the studio's stars in line.
20 Feb 2015,tt2637294,29,http://ia.media-imdb.com/images/M/MV5BMTU3NzQzMzE0NV5BMl5BanBnXkFtZTgwMDM4MTI0NDE@._V1_SX300.jpg,movie,"Josh Heald, Josh Heald (characters)",English,5.1,"Comedy, Sci-Fi",2015,93 min,USA,R,"Rob Corddry, Craig Robinson, Clark Duke, Adam Scott","28,140",Steve Pink,Hot Tub Time Machine 2,True,2 nominations.,"When Lou finds himself in trouble, Nick and Jacob fire up the hot tub time machine in an attempt to get back to the past. But they inadvertently land in the future with Adam Jr. Now they ..."
27 Jul 2015,tt3910602,58,http://ia.media-imdb.com/images/M/MV5BMjIyNzU5MjQxOF5BMl5BanBnXkFtZTgwODY1MTMxNjE@._V1_SX300.jpg,movie,Steve Burgess,English,7.5,"Documentary, Biography",2015,96 min,Canada,NOT RATED,"Adam Sandler, Christina Applegate, Dan Aykroyd, David Spade","2,340","Brent Hodge, Derik Murray",I Am Chris Farley,True,1 nomination.,"A documentary on the life of comedian, Chris Farley."
11 Dec 2015,tt1390411,47,http://ia.media-imdb.com/images/M/MV5BMjA5NzUwODExM15BMl5BanBnXkFtZTgwNjM0MzE4NjE@._V1_SX300.jpg,movie,"Charles Leavitt (screenplay), Charles Leavitt (story), Rick Jaffa (story), Amanda Silver (story), Nathaniel Philbrick (book)",English,7.0,"Action, Adventure, Biography",2015,122 min,"USA, Australia, Spain, UK, Canada",PG-13,"Chris Hemsworth, Benjamin Walker, Cillian Murphy, Brendan Gleeson","70,678",Ron Howard,In the Heart of the Sea,True,1 win & 5 nominations.,"A recounting of a New England whaling ship's sinking by a giant whale in 1820, an experience that later inspired the great novel Moby-Dick."
19 Jun 2015,tt2096673,94,http://ia.media-imdb.com/images/M/MV5BOTgxMDQwMDk0OF5BMl5BanBnXkFtZTgwNjU5OTg2NDE@._V1_SX300.jpg,movie,"Pete Docter (original story by), Ronnie Del Carmen (original story by), Pete Docter (screenplay), Meg LeFauve (screenplay), Josh Cooley (screenplay), Michael Arndt (additional story material by), Bill Hader (additional dialogue by), Amy Poehler (additional dialogue by), Simon Rich (additional story material by)",English,8.3,"Animation, Adventure, Comedy",2015,95 min,USA,PG,"Amy Poehler, Phyllis Smith, Richard Kind, Bill Hader","342,328","Pete Docter, Ronnie Del Carmen",Inside Out,True,Won 1 Oscar. Another 83 wins & 96 nominations.,"After young Riley is uprooted from her Midwest life and moved to San Francisco, her emotions - Joy, Fear, Anger, Disgust and Sadness - conflict on how best to navigate a new city, house, and school."
11 Apr 2001,tt0245686,20,http://ia.media-imdb.com/images/M/MV5BMTE5NDgxNzU1MV5BMl5BanBnXkFtZTYwODQ4ODE3._V1_SX300.jpg,movie,"David Spade, Fred Wolf",English,5.9,"Adventure, Comedy, Drama",2001,91 min,USA,PG-13,"David Spade, Brittany Daniel, Dennis Miller, Adam Beach","41,708",Dennie Gordon,Joe Dirt,True,1 win & 2 nominations.,"After being abandoned by his parents at the Grand Canyon, Joe Dirt tells the story of his journey to find his parents."
16 Jul 2015,tt4126340,N/A,http://ia.media-imdb.com/images/M/MV5BNDcyODc2Njg5MV5BMl5BanBnXkFtZTgwOTIwMzg4NTE@._V1_SX300.jpg,movie,"David Spade, Fred Wolf",English,4.2,Comedy,2015,107 min,USA,TV-MA,"David Spade, Brittany Daniel, Patrick Warburton, Mark McGrath","3,355",Fred Wolf,Joe Dirt 2: Beautiful Loser,True,N/A,"When happy family man Joe Dirt finds himself transported to the recent past, he begins an epic journey to get back to his loved ones in the present."
12 Jun 2015,tt0369610,59,http://ia.media-imdb.com/images/M/MV5BMTQ5MTE0MTk3Nl5BMl5BanBnXkFtZTgwMjczMzk2NTE@._V1_SX300.jpg,movie,"Rick Jaffa (screenplay), Amanda Silver (screenplay), Colin Trevorrow (screenplay), Derek Connolly (screenplay), Rick Jaffa (story), Amanda Silver (story), Michael Crichton (characters)",English,7.0,"Action, Adventure, Sci-Fi",2015,124 min,USA,PG-13,"Chris Pratt, Bryce Dallas Howard, Irrfan Khan, Vincent D'Onofrio","416,573",Colin Trevorrow,Jurassic World,True,5 wins & 52 nominations.,A new theme park is built on the original site of Jurassic Park. Everything is going well until the park's newest attraction - a genetically modified giant stealth killing machine - escapes containment and goes on a killing spree.
08 Jun 2015,tt5026378,N/A,N/A,movie,N/A,English,7.5,Documentary,2015,88 min,UK,N/A,"Geoff Bell, Sofia Boutella, Michael Caine, David Cheesman",13,N/A,Kingsman: The Secret Service Revealed,True,N/A,N/A
18 Nov 1994,tt0110413,64,http://ia.media-imdb.com/images/M/MV5BMTgzMzg4MDkwNF5BMl5BanBnXkFtZTcwODAwNDg3OA@@._V1_SX300.jpg,movie,Luc Besson,"English, Italian, French",8.6,"Crime, Drama, Thriller",1994,110 min,France,R,"Jean Reno, Gary Oldman, Natalie Portman, Danny Aiello","723,713",Luc Besson,Léon: The Professional,True,3 wins & 8 nominations.,"Mathilda, a 12-year-old girl, is reluctantly taken in by Léon, a professional assassin, after her family is murdered. Léon and Mathilda form an unusual relationship, as she becomes his protégée and learns the assassin's trade."
27 Jun 2007,tt0337978,69,http://ia.media-imdb.com/images/M/MV5BNDQxMDE1OTg4NV5BMl5BanBnXkFtZTcwMTMzOTQzMw@@._V1_SX300.jpg,movie,"Mark Bomback (screenplay), Mark Bomback (story), David Marconi (story), John Carlin (article), Roderick Thorp (certain original characters)","English, Italian, French",7.2,"Action, Adventure, Thriller",2007,128 min,"USA, UK",PG-13,"Bruce Willis, Timothy Olyphant, Justin Long, Maggie Q","335,820",Len Wiseman,Live Free or Die Hard,True,3 wins & 16 nominations.,John McClane and a young hacker join forces to take down master cyber-terrorist Thomas Gabriel in Washington D.C.
14 Nov 2003,tt0314331,55,http://ia.media-imdb.com/images/M/MV5BMTY4NjQ5NDc0Nl5BMl5BanBnXkFtZTYwNjk5NDM3._V1_SX300.jpg,movie,Richard Curtis,"English, Portuguese, French",7.7,"Comedy, Drama, Romance",2003,135 min,"UK, USA, France",R,"Bill Nighy, Gregor Fisher, Rory MacGregor, Colin Firth","318,320",Richard Curtis,Love Actually,True,Nominated for 2 Golden Globes. Another 10 wins & 26 nominations.,"Follows the lives of eight very different couples in dealing with their love lives in various loosely interrelated tales all set during a frantic month before Christmas in London, England."
07 Apr 2006,tt0425210,53,http://ia.media-imdb.com/images/M/MV5BMzc1OTEwMTk4OF5BMl5BanBnXkFtZTcwMTEzMDQzMQ@@._V1_SX300.jpg,movie,Jason Smilovic,English,7.8,"Crime, Drama, Mystery",2006,110 min,"Germany, USA",R,"Josh Hartnett, Bruce Willis, Lucy Liu, Morgan Freeman","261,737",Paul McGuigan,Lucky Number Slevin,True,5 wins & 4 nominations.,A case of mistaken identity lands Slevin into the middle of a war being plotted by two of the city's most rival crime bosses: The Rabbi and The Boss. Slevin is under constant surveillance by relentless Detective Brikowski as well as the infamous assassin Goodkat and finds himself having to hatch his own ingenious plot to get them before they get him.
15 May 2015,tt1392190,90,http://ia.media-imdb.com/images/M/MV5BMTUyMTE0ODcxNF5BMl5BanBnXkFtZTgwODE4NDQzNTE@._V1_SX300.jpg,movie,"George Miller, Brendan McCarthy, Nick Lathouris","English, Russian",8.1,"Action, Adventure, Sci-Fi",2015,120 min,"Australia, USA",R,"Tom Hardy, Charlize Theron, Nicholas Hoult, Hugh Keays-Byrne","547,810",George Miller,Mad Max: Fury Road,True,Won 6 Oscars. Another 206 wins & 189 nominations.,"A woman rebels against a tyrannical ruler in postapocalyptic Australia in search for her home-land with the help of a group of female prisoners, a psychotic worshipper, and a drifter named Max."
10 Jul 2015,tt2293640,56,http://ia.media-imdb.com/images/M/MV5BMTg2MTMyMzU0M15BMl5BanBnXkFtZTgwOTU3ODk4NTE@._V1_SX300.jpg,movie,Brian Lynch,"English, Spanish",6.4,"Animation, Action, Comedy",2015,91 min,USA,PG,"Sandra Bullock, Jon Hamm, Michael Keaton, Allison Janney","141,188","Kyle Balda, Pierre Coffin",Minions,True,Nominated for 1 BAFTA Film Award. Another 18 nominations.,"Minions Stuart, Kevin and Bob are recruited by Scarlet Overkill, a super-villain who, alongside her inventor husband Herb, hatches a plot to take over the world."
31 Jul 2015,tt2381249,75,http://ia.media-imdb.com/images/M/MV5BMTQ1NDI2MzU2MF5BMl5BanBnXkFtZTgwNTExNTU5NDE@._V1_SX300.jpg,movie,"Christopher McQuarrie (screenplay), Christopher McQuarrie (story), Drew Pearce (story), Bruce Geller (television series)","English, Swedish, German",7.4,"Action, Adventure, Thriller",2015,131 min,"China, Hong Kong, USA",PG-13,"Tom Cruise, Jeremy Renner, Simon Pegg, Rebecca Ferguson","232,152",Christopher McQuarrie,Mission: Impossible - Rogue Nation,True,2 wins & 18 nominations.,"Ethan and team take on their most impossible mission yet, eradicating the Syndicate - an International rogue organization as highly skilled as they are, committed to destroying the IMF."
24 Jul 2015,tt3168230,67,http://ia.media-imdb.com/images/M/MV5BMTg5MjE0Njk0MF5BMl5BanBnXkFtZTgwNTgwMjQ4NTE@._V1_SX300.jpg,movie,"Mitch Cullin (novel), Jeffrey Hatcher (screenplay), Arthur Conan Doyle (characters)","English, Japanese, French",6.9,"Drama, Mystery",2015,104 min,"UK, USA",PG,"Ian McKellen, Laura Linney, Milo Parker, Hiroyuki Sanada","41,560",Bill Condon,Mr. Holmes,True,15 nominations.,"An aged, retired Sherlock Holmes deals with early dementia as he tries to remember both his final case and a mysterious woman whose memory haunts him. He also befriends a fan, the young son of his housekeeper, who wants him to work again."
26 Aug 2015,tt1781922,38,http://ia.media-imdb.com/images/M/MV5BMjE0MDI3NTE5NF5BMl5BanBnXkFtZTgwNzI3ODM2NjE@._V1_SX300.jpg,movie,"John Erick Dowdle, Drew Dowdle","English, French, Thai, Khmer",6.8,"Action, Thriller",2015,103 min,USA,R,"Owen Wilson, Lake Bell, Sterling Jerins, Claire Geare","48,435",John Erick Dowdle,No Escape,True,N/A,"In their new overseas home, an American family soon finds themselves caught in the middle of a coup, and they frantically look for a safe escape from an environment where foreigners are being immediately executed."
10 Jun 2016,tt3110958,46,http://ia.media-imdb.com/images/M/MV5BNzQ0NDgwODQ3NV5BMl5BanBnXkFtZTgwOTYxNjc2ODE@._V1_SX300.jpg,movie,"Ed Solomon (screenplay), Ed Solomon (story), Peter Chiarelli (story), Boaz Yakin (characters), Edward Ricourt (characters)","English, Mandarin",6.9,"Action, Adventure, Comedy",2016,129 min,"USA, China, UK, Canada",PG-13,"Jesse Eisenberg, Mark Ruffalo, Woody Harrelson, Dave Franco","40,659",Jon M. Chu,Now You See Me 2,True,3 nominations.,The Four Horsemen resurface and are forcibly recruited by a tech genius to pull off their most impossible heist yet.
09 Oct 2015,tt3332064,36,http://ia.media-imdb.com/images/M/MV5BMzk2MDg5MDczMl5BMl5BanBnXkFtZTgwNTE2NjYyNjE@._V1_SX300.jpg,movie,"Jason Fuchs, J.M. Barrie (characters)",English,5.8,"Adventure, Family, Fantasy",2015,111 min,"USA, UK, Australia",PG,"Hugh Jackman, Levi Miller, Garrett Hedlund, Rooney Mara","39,783",Joe Wright,Pan,True,7 nominations.,"12-year-old orphan Peter is spirited away to the magical world of Neverland, where he finds both fun and danger, and ultimately discovers his destiny -- to become the hero who will be forever known as Peter Pan."
29 Feb 2008,tt0472160,48,http://ia.media-imdb.com/images/M/MV5BMTc0MTYwNzQ5Nl5BMl5BanBnXkFtZTcwMjg2MzU1MQ@@._V1_SX300.jpg,movie,Leslie Caveny,English,6.8,"Comedy, Fantasy, Romance",2006,104 min,"UK, USA",PG,"Richard E. Grant, Catherine O'Hara, Nick Prideaux, Michael Feast","50,516",Mark Palansky,Penelope,True,N/A,"A modern romantic tale about a young aristocratic heiress born under a curse that can only be broken when she finds true love with ""one who will love her faithfully."""
05 Oct 2012,tt1981677,66,http://ia.media-imdb.com/images/M/MV5BMTcyMTMzNzE5N15BMl5BanBnXkFtZTcwNzg5NjM5Nw@@._V1_SX300.jpg,movie,"Kay Cannon (screenplay), Mickey Rapkin (based on the book by)",English,7.2,"Comedy, Music, Romance",2012,112 min,USA,PG-13,"Anna Kendrick, Skylar Astin, Ben Platt, Brittany Snow","213,619",Jason Moore,Pitch Perfect,True,6 wins & 20 nominations.,"Beca, a freshman at Barden University, is cajoled into joining The Bellas, her school's all-girls singing group. Injecting some much needed energy into their repertoire, The Bellas take on their male rivals in a campus competition."
15 May 2015,tt2848292,63,http://ia.media-imdb.com/images/M/MV5BMTk0Mzg4NDYyOF5BMl5BanBnXkFtZTgwOTM2ODg2NTE@._V1_SX300.jpg,movie,"Kay Cannon, Mickey Rapkin (based on the book by)",English,6.5,"Comedy, Music",2015,115 min,USA,PG-13,"Anna Kendrick, Rebel Wilson, Hailee Steinfeld, Brittany Snow","97,050",Elizabeth Banks,Pitch Perfect 2,True,8 wins & 14 nominations.,"After a humiliating command performance at The Kennedy Center, the Barden Bellas enter an international competition that no American group has ever won in order to regain their status and right to perform."
24 Jul 2015,tt2120120,27,http://ia.media-imdb.com/images/M/MV5BMTYxMzM4NDY5N15BMl5BanBnXkFtZTgwNzg1NTI3MzE@._V1_SX300.jpg,movie,"Tim Herlihy (screenplay), Timothy Dowling (screenplay), Tim Herlihy (screen story), Patrick Jean (short film)",English,5.6,"Animation, Action, Comedy",2015,106 min,"USA, China, Canada",PG-13,"Adam Sandler, Kevin James, Michelle Monaghan, Peter Dinklage","89,004",Chris Columbus,Pixels,True,1 win & 9 nominations.,"When aliens misinterpret video feeds of classic arcade games as a declaration of war, they attack the Earth in the form of the video games."
25 Dec 2015,tt2058673,34,http://ia.media-imdb.com/images/M/MV5BMjIxNDkzOTAyNV5BMl5BanBnXkFtZTgwNjEyOTY3NjE@._V1_SX300.jpg,movie,"Kurt Wimmer (screenplay), Rick King (story), W. Peter Iliff (story), Kurt Wimmer (story), W. Peter Iliff, Rick King, W. Peter Iliff",English,5.3,"Action, Crime, Sport",2015,114 min,"USA, Germany, China",PG-13,"Edgar Ramírez, Luke Bracey, Ray Winstone, Teresa Palmer","33,672",Ericson Core,Point Break,True,1 nomination.,"A young FBI agent infiltrates an extraordinary team of extreme sports athletes he suspects of masterminding a string of unprecedented, sophisticated corporate heists."
30 Jan 2015,tt2436386,47,http://ia.media-imdb.com/images/M/MV5BMTUxMjQ2NjI4OV5BMl5BanBnXkFtZTgwODc2NjUwNDE@._V1_SX300.jpg,movie,"Jason Pagan, Andrew Deutschman",English,6.4,"Sci-Fi, Thriller",2015,106 min,USA,PG-13,"Jonny Weston, Sofia Black-D'Elia, Sam Lerner, Allen Evangelista","57,340",Dean Israelite,Project Almanac,True,N/A,"A group of teens discover secret plans of a time machine, and construct one. However, things start to get out of control."
N/A,tt5546812,N/A,N/A,movie,N/A,N/A,N/A,"Short, Drama",2016,20 min,USA,N/A,N/A,N/A,Jabaar Edmond,Ratchet,True,N/A,"This is a urban story about a young woman kicked into the streets and she starts to dance at a shady club. Using the popularity of the down south strip clubs and night life,This story ..."
22 Jan 2016,tt3170832,86,http://ia.media-imdb.com/images/M/MV5BMjE4NzgzNzEwMl5BMl5BanBnXkFtZTgwMTMzMDE0NjE@._V1_SX300.jpg,movie,"Emma Donoghue (screenplay), Emma Donoghue (novel)",English,8.3,Drama,2015,118 min,"Ireland, Canada, USA",R,"Brie Larson, Jacob Tremblay, Sean Bridgers, Wendy Crewson","157,486",Lenny Abrahamson,Room,True,Won 1 Oscar. Another 99 wins & 118 nominations.,A young boy is raised within the confines of a small shed.
27 May 2015,tt2126355,43,http://ia.media-imdb.com/images/M/MV5BNjI4MTgyOTAxOV5BMl5BanBnXkFtZTgwMjQwOTA4NTE@._V1_SX300.jpg,movie,"Carlton Cuse (screenplay), Andre Fabrizio (story), Jeremy Passmore (story), Carlton Cuse, Andre Fabrizio",English,6.1,"Action, Adventure, Drama",2015,114 min,USA,PG-13,"Dwayne Johnson, Carla Gugino, Alexandra Daddario, Ioan Gruffudd","147,359",Brad Peyton,San Andreas,True,10 nominations.,"In the aftermath of a massive earthquake in California, a rescue-chopper pilot makes a dangerous journey with his ex-wife across the state in order to rescue his daughter."
04 Feb 1994,tt0108052,93,http://ia.media-imdb.com/images/M/MV5BMzMwMTM4MDU2N15BMl5BanBnXkFtZTgwMzQ0MjMxMDE@._V1_SX300.jpg,movie,"Thomas Keneally (book), Steven Zaillian (screenplay)","English, Hebrew, German, Polish",8.9,"Biography, Drama, History",1993,195 min,USA,R,"Liam Neeson, Ben Kingsley, Ralph Fiennes, Caroline Goodall","863,128",Steven Spielberg,Schindler's List,True,Won 7 Oscars. Another 71 wins & 33 nominations.,"In Poland during World War II, Oskar Schindler gradually becomes concerned for his Jewish workforce after witnessing their persecution by the Nazis."
N/A,tt4621950,N/A,N/A,movie,Vinny Cuevas,N/A,N/A,Drama,2015,N/A,USA,N/A,N/A,N/A,N/A,Selfless,True,N/A,"A man's loss leads to an inadvertent gain. But not without being introduced to the obstacles of humanity, and intricacy of equality."
24 Jul 2015,tt1798684,57,http://ia.media-imdb.com/images/M/MV5BMjI1MTcwODk0MV5BMl5BanBnXkFtZTgwMTgwMDM5NTE@._V1_SX300.jpg,movie,Kurt Sutter,English,7.5,"Drama, Sport",2015,124 min,"USA, Hong Kong",R,"Jake Gyllenhaal, Rachel McAdams, Forest Whitaker, Oona Laurence","146,805",Antoine Fuqua,Southpaw,True,8 nominations.,Boxer Billy Hope turns to trainer Tick Wills to help him get his life back on track after losing his wife in a tragic accident and his daughter to child protection services.
06 Nov 2015,tt2379713,60,http://ia.media-imdb.com/images/M/MV5BMjM2Nzg4MzkwOF5BMl5BanBnXkFtZTgwNzA0OTE3NjE@._V1_SX300.jpg,movie,"John Logan (screenplay), Neal Purvis (screenplay), Robert Wade (screenplay), Jez Butterworth (screenplay), John Logan (story), Neal Purvis (story), Robert Wade (story), Ian Fleming (characters)","English, Spanish, Italian, German, French",6.8,"Action, Adventure, Thriller",2015,148 min,"UK, USA",PG-13,"Daniel Craig, Christoph Waltz, Léa Seydoux, Ralph Fiennes","275,408",Sam Mendes,Spectre,True,Won 1 Oscar. Another 7 wins & 26 nominations.,"A cryptic message from Bond's past sends him on a trail to uncover a sinister organization. While M battles political forces to keep the secret service alive, Bond peels back the layers of deceit to reveal the terrible truth behind SPECTRE."
25 May 1977,tt0076759,92,http://ia.media-imdb.com/images/M/MV5BOTIyMDY2NGQtOGJjNi00OTk4LWFhMDgtYmE3M2NiYzM0YTVmXkEyXkFqcGdeQXVyNTU1NTcwOTk@._V1_SX300.jpg,movie,George Lucas,English,8.7,"Action, Adventure, Fantasy",1977,121 min,USA,PG,"Mark Hamill, Harrison Ford, Carrie Fisher, Peter Cushing","908,085",George Lucas,Star Wars: Episode IV - A New Hope,True,Won 6 Oscars. Another 39 wins & 28 nominations.,"Luke Skywalker joins forces with a Jedi Knight, a cocky pilot, a wookiee and two droids to save the galaxy from the Empire's world-destroying battle-station, while also attempting to rescue Princess Leia from the evil Darth Vader."
19 May 1999,tt0120915,51,http://ia.media-imdb.com/images/M/MV5BMTQ4NjEwNDA2Nl5BMl5BanBnXkFtZTcwNDUyNDQzNw@@._V1_SX300.jpg,movie,George Lucas,English,6.5,"Action, Adventure, Fantasy",1999,136 min,USA,PG,"Liam Neeson, Ewan McGregor, Natalie Portman, Jake Lloyd","533,518",George Lucas,Star Wars: Episode I - The Phantom Menace,True,Nominated for 3 Oscars. Another 20 wins & 60 nominations.,"Two Jedi Knights escape a hostile blockade to find allies and come across a young boy who may bring balance to the Force, but the long dormant Sith resurface to reclaim their old glory."
16 May 2002,tt0121765,54,http://ia.media-imdb.com/images/M/MV5BMTY5MjI5NTIwNl5BMl5BanBnXkFtZTYwMTM1Njg2._V1_SX300.jpg,movie,"George Lucas (screenplay), Jonathan Hales (screenplay), George Lucas (story by)",English,6.7,"Action, Adventure, Fantasy",2002,142 min,USA,PG,"Ewan McGregor, Natalie Portman, Hayden Christensen, Christopher Lee","464,523",George Lucas,Star Wars: Episode II - Attack of the Clones,True,Nominated for 1 Oscar. Another 16 wins & 53 nominations.,"Ten years after initially meeting, Anakin Skywalker shares a forbidden romance with Padmé, while Obi-Wan investigates an assassination attempt on the Senator and discovers a secret clone army crafted for the Jedi."
19 May 2005,tt0121766,68,http://ia.media-imdb.com/images/M/MV5BNTc4MTc3NTQ5OF5BMl5BanBnXkFtZTcwOTg0NjI4NA@@._V1_SX300.jpg,movie,George Lucas,English,7.6,"Action, Adventure, Fantasy",2005,140 min,USA,PG-13,"Ewan McGregor, Natalie Portman, Hayden Christensen, Ian McDiarmid","518,633",George Lucas,Star Wars: Episode III - Revenge of the Sith,True,Nominated for 1 Oscar. Another 22 wins & 51 nominations.,"During the near end of the clone wars, Darth Sidious has revealed himself and is ready to execute the last part of his plan to rule the Galaxy. Sidious is ready for his new apprentice, Lord..."
20 Jun 1980,tt0080684,80,http://ia.media-imdb.com/images/M/MV5BMjE2MzQwMTgxN15BMl5BanBnXkFtZTcwMDQzNjk2OQ@@._V1_SX300.jpg,movie,"Leigh Brackett (screenplay), Lawrence Kasdan (screenplay), George Lucas (story by)",English,8.8,"Action, Adventure, Fantasy",1980,124 min,USA,PG,"Mark Hamill, Harrison Ford, Carrie Fisher, Billy Dee Williams","835,056",Irvin Kershner,Star Wars: Episode V - The Empire Strikes Back,True,Won 1 Oscar. Another 16 wins & 18 nominations.,"After the rebels have been brutally overpowered by the Empire on their newly established base, Luke Skywalker takes advanced Jedi training with Master Yoda, while his friends are pursued by Darth Vader as part of his plan to capture Luke."
25 May 1983,tt0086190,53,"http://ia.media-imdb.com/images/M/MV5BMTQ0MzI1NjYwOF5BMl5BanBnXkFtZTgwODU3NDU2MTE@._V1._CR93,97,1209,1861_SX89_AL_.jpg_V1_SX300.jpg",movie,"Lawrence Kasdan (screenplay), George Lucas (screenplay), George Lucas (story by)",English,8.4,"Action, Adventure, Fantasy",1983,131 min,USA,PG,"Mark Hamill, Harrison Ford, Carrie Fisher, Billy Dee Williams","679,733",Richard Marquand,Star Wars: Episode VI - Return of the Jedi,True,Nominated for 4 Oscars. Another 16 wins & 16 nominations.,"After rescuing Han Solo from the palace of Jabba the Hutt, the rebels attempt to destroy the second Death Star, while Luke struggles to make Vader return from the dark side of the Force."
18 Dec 2015,tt2488496,81,http://ia.media-imdb.com/images/M/MV5BOTAzODEzNDAzMl5BMl5BanBnXkFtZTgwMDU1MTgzNzE@._V1_SX300.jpg,movie,"Lawrence Kasdan, J.J. Abrams, Michael Arndt, George Lucas (based on characters created by)",English,8.2,"Action, Adventure, Fantasy",2015,136 min,USA,PG-13,"Harrison Ford, Mark Hamill, Carrie Fisher, Adam Driver","561,678",J.J. Abrams,Star Wars: The Force Awakens,True,Nominated for 5 Oscars. Another 43 wins & 106 nominations.,"Three decades after the defeat of the Galactic Empire, a new threat arises. The First Order attempts to rule the galaxy and only a ragtag group of heroes can stop them, along with the help of the Resistance."
10 Aug 2007,tt0486655,66,http://ia.media-imdb.com/images/M/MV5BMjkyMTE1OTYwNF5BMl5BanBnXkFtZTcwMDIxODYzMw@@._V1_SX300.jpg,movie,"Jane Goldman (screenplay), Matthew Vaughn (screenplay), Neil Gaiman (novel)",English,7.7,"Adventure, Family, Fantasy",2007,127 min,"UK, USA, Iceland",PG-13,"Ian McKellen, Bimbo Hart, Alastair MacIntosh, David Kelly","212,144",Matthew Vaughn,Stardust,True,5 wins & 6 nominations.,"In a countryside town bordering on a magical land, a young man makes a promise to his beloved that he'll retrieve a fallen star by venturing into the magical realm."
23 Oct 2015,tt2080374,82,http://ia.media-imdb.com/images/M/MV5BMjE0NTA2MTEwOV5BMl5BanBnXkFtZTgwNzg4NzU2NjE@._V1_SX300.jpg,movie,"Aaron Sorkin (screenplay), Walter Isaacson (book)",English,7.2,"Biography, Drama",2015,122 min,"UK, USA",R,"Michael Fassbender, Kate Winslet, Seth Rogen, Jeff Daniels","93,598",Danny Boyle,Steve Jobs,True,Nominated for 2 Oscars. Another 23 wins & 105 nominations.,"Steve Jobs takes us behind the scenes of the digital revolution, to paint a portrait of the man at its epicenter. The story unfolds backstage at three iconic product launches, ending in 1998 with the unveiling of the iMac."
14 Aug 2015,tt1398426,72,http://ia.media-imdb.com/images/M/MV5BMTA5MzkyMzIxNjJeQTJeQWpwZ15BbWU4MDU0MDk0OTUx._V1_SX300.jpg,movie,"Jonathan Herman (screenplay), Andrea Berloff (screenplay), S. Leigh Savidge (story), Alan Wenkus (story), Andrea Berloff (story)",English,7.9,"Biography, Crime, Drama",2015,147 min,USA,R,"O'Shea Jackson Jr., Corey Hawkins, Jason Mitchell, Neil Brown Jr.","117,868",F. Gary Gray,Straight Outta Compton,True,Nominated for 1 Oscar. Another 24 wins & 39 nominations.,"The group NWA emerges from the mean streets of Compton in Los Angeles, California, in the mid-1980s and revolutionizes Hip Hop culture with their music and tales about life in the hood."
17 Aug 2007,tt0829482,76,http://ia.media-imdb.com/images/M/MV5BMTc0NjIyMjA2OF5BMl5BanBnXkFtZTcwMzIxNDE1MQ@@._V1_SX300.jpg,movie,"Seth Rogen, Evan Goldberg",English,7.6,Comedy,2007,113 min,USA,R,"Jonah Hill, Michael Cera, Christopher Mintz-Plasse, Bill Hader","421,633",Greg Mottola,Superbad,True,11 wins & 24 nominations.,Two co-dependent high school seniors are forced to deal with separation anxiety after their plan to stage a booze-soaked party goes awry.
21 Sep 2007,tt0815244,45,http://ia.media-imdb.com/images/M/MV5BMTk3ODc3ODAxN15BMl5BanBnXkFtZTcwNzcwMDU1MQ@@._V1_SX300.jpg,movie,Chad Gomez Creasey,English,6.3,"Comedy, Romance",2007,108 min,USA,PG-13,"Amanda Bynes, Sara Paxton, Matt Long, Jack Carpenter","37,415",Joe Nussbaum,Sydney White,True,N/A,A modern retelling of Snow White set against students in their freshman year of college in the greek system.
22 Jan 2016,tt2049543,39,http://ia.media-imdb.com/images/M/MV5BMTc2NDAyOTc4MV5BMl5BanBnXkFtZTgwNjE4Mjk0NzE@._V1_SX300.jpg,movie,"Jacob Gentry, Jacob Gentry, Alex Orr (story)",English,5.4,"Mystery, Sci-Fi, Thriller",2015,101 min,USA,R,"Chad McKnight, Brianne Davis, AJ Bowen, Scott Poythress","4,086",Jacob Gentry,Synchronicity,True,1 win.,A physicist who invents a time machine must travel back to the past to uncover the truth about his creation and the woman who is trying to steal it.
23 Dec 2015,tt1596363,81,http://ia.media-imdb.com/images/M/MV5BNzlhOTRmZjgtN2YyOS00MjI0LWJiNmMtODQyNTJjNDY1YWU3XkEyXkFqcGdeQXVyMzg2MzE2OTE@._V1_SX300.jpg,movie,"Charles Randolph (screenplay), Adam McKay (screenplay), Michael Lewis (book)",English,7.8,"Biography, Comedy, Drama",2015,130 min,USA,R,"Ryan Gosling, Rudy Eisenzopf, Casey Groves, Charlie Talbert","179,248",Adam McKay,The Big Short,True,Won 1 Oscar. Another 33 wins & 74 nominations.,"Four denizens in the world of high-finance predict the credit and housing bubble collapse of the mid-2000s, and decide to take on the big banks for their greed and lack of foresight."
29 Dec 1967,tt0060196,90,http://ia.media-imdb.com/images/M/MV5BOTQ5NDI3MTI4MF5BMl5BanBnXkFtZTgwNDQ4ODE5MDE@._V1_SX300.jpg,movie,"Luciano Vincenzoni (story), Sergio Leone (story), Agenore Incrocci (screenplay), Furio Scarpelli (screenplay), Luciano Vincenzoni (screenplay), Sergio Leone (screenplay), Mickey Knox (English version by)",Italian,8.9,Western,1966,161 min,"Italy, Spain, West Germany, USA",APPROVED,"Eli Wallach, Clint Eastwood, Lee Van Cleef, Aldo Giuffrè","503,337",Sergio Leone,"The Good, the Bad and the Ugly",True,1 win & 1 nomination.,A bounty hunting scam joins two men in an uneasy alliance against a third in a race to find a fortune in gold buried in a remote cemetery.
30 Dec 2015,tt3460252,68,http://ia.media-imdb.com/images/M/MV5BMjA1MTc1NTg5NV5BMl5BanBnXkFtZTgwOTM2MDEzNzE@._V1_SX300.jpg,movie,Quentin Tarantino,"English, Spanish",7.9,"Crime, Drama, Mystery",2015,187 min,USA,R,"Samuel L. Jackson, Kurt Russell, Jennifer Jason Leigh, Walton Goggins","270,363",Quentin Tarantino,The Hateful Eight,True,Won 1 Oscar. Another 32 wins & 101 nominations.,"In the dead of a Wyoming winter, a bounty hunter and his prisoner find shelter in a cabin currently inhabited by a collection of nefarious characters."
17 Dec 2014,tt2310332,59,http://ia.media-imdb.com/images/M/MV5BODAzMDgxMDc1MF5BMl5BanBnXkFtZTgwMTI0OTAzMjE@._V1_SX300.jpg,movie,"Fran Walsh (screenplay), Philippa Boyens (screenplay), Peter Jackson (screenplay), Guillermo del Toro (screenplay), J.R.R. Tolkien (novel)",English,7.5,"Adventure, Fantasy",2014,144 min,"New Zealand, USA",PG-13,"Ian McKellen, Martin Freeman, Richard Armitage, Ken Stott","354,091",Peter Jackson,The Hobbit: The Battle of the Five Armies,True,Nominated for 1 Oscar. Another 6 wins & 45 nominations.,Bilbo and Company are forced to engage in a war against an array of combatants and keep the Lonely Mountain from falling into the hands of a rising darkness.
23 Oct 2015,tt1618442,34,http://ia.media-imdb.com/images/M/MV5BMjM5Njk5MzYzM15BMl5BanBnXkFtZTgwNzM1Mjk4NjE@._V1_SX300.jpg,movie,"Cory Goodman, Matt Sazama, Burk Sharpless",English,6.0,"Action, Adventure, Fantasy",2015,106 min,"USA, China, Canada",PG-13,"Vin Diesel, Rose Leslie, Elijah Wood, Ólafur Darri Ólafsson","57,903",Breck Eisner,The Last Witch Hunter,True,N/A,The last witch hunter is all that stands between humanity and the combined forces of the most horrifying witches in history.
02 Oct 2015,tt3659388,80,http://ia.media-imdb.com/images/M/MV5BMTc2MTQ3MDA1Nl5BMl5BanBnXkFtZTgwODA3OTI4NjE@._V1_SX300.jpg,movie,"Drew Goddard (screenplay), Andy Weir (book)","English, Mandarin",8.1,"Adventure, Drama, Sci-Fi",2015,144 min,"USA, UK",PG-13,"Matt Damon, Jessica Chastain, Kristen Wiig, Jeff Daniels","467,360",Ridley Scott,The Martian,True,Nominated for 7 Oscars. Another 34 wins & 168 nominations.,"An astronaut becomes stranded on Mars after his team assume him dead, and must rely on his ingenuity to find a way to signal to Earth that he is alive."
20 Nov 2015,tt3530002,58,http://ia.media-imdb.com/images/M/MV5BMTkyNDY1ODQwNV5BMl5BanBnXkFtZTgwNzA2MjUwNzE@._V1_SX300.jpg,movie,"Jonathan Levine (screenplay), Kyle Hunter (screenplay), Ariel Shaffir (screenplay), Evan Goldberg (screenplay), Jonathan Levine (story)",English,6.5,Comedy,2015,101 min,USA,R,"Joseph Gordon-Levitt, Seth Rogen, Anthony Mackie, Jillian Bell","32,025",Jonathan Levine,The Night Before,True,1 nomination.,"On Christmas eve, three lifelong friends spend the night in New York City looking for the Holy Grail of Christmas parties."
20 Oct 2006,tt0482571,66,http://ia.media-imdb.com/images/M/MV5BMjA4NDI0MTIxNF5BMl5BanBnXkFtZTYwNTM0MzY2._V1_SX300.jpg,movie,"Jonathan Nolan (screenplay), Christopher Nolan (screenplay), Christopher Priest (novel)",English,8.5,"Drama, Mystery, Sci-Fi",2006,130 min,"USA, UK",PG-13,"Hugh Jackman, Christian Bale, Michael Caine, Piper Perabo","841,430",Christopher Nolan,The Prestige,True,Nominated for 2 Oscars. Another 5 wins & 32 nominations.,Two stage magicians engage in competitive one-upmanship in an attempt to create the ultimate stage illusion.
08 Jan 2016,tt1663202,76,http://ia.media-imdb.com/images/M/MV5BMjU4NDExNDM1NF5BMl5BanBnXkFtZTgwMDIyMTgxNzE@._V1_SX300.jpg,movie,"Mark L. Smith (screenplay), Alejandro G. Iñárritu (screenplay), Michael Punke (based in part on the novel by)","English, Pawnee, French",8.1,"Adventure, Drama, Thriller",2015,156 min,"USA, Hong Kong, Taiwan, Canada",R,"Leonardo DiCaprio, Tom Hardy, Domhnall Gleeson, Will Poulter","399,974",Alejandro G. Iñárritu,The Revenant,True,Won 3 Oscars. Another 74 wins & 160 nominations.,A frontiersman on a fur trading expedition in the 1820s fights for survival after being mauled by a bear and left for dead by members of his own hunting team.
25 Dec 2013,tt0359950,54,http://ia.media-imdb.com/images/M/MV5BODYwNDYxNDk1Nl5BMl5BanBnXkFtZTgwOTAwMTk2MDE@._V1_SX300.jpg,movie,"Steve Conrad (screenplay), Steve Conrad (screen story by), James Thurber (based on the short story by)","English, Spanish, Icelandic",7.3,"Adventure, Comedy, Drama",2013,114 min,"USA, UK, Canada, Australia",PG,"Ben Stiller, Kristen Wiig, Jon Daly, Kathryn Hahn","236,045",Ben Stiller,The Secret Life of Walter Mitty,True,5 wins & 16 nominations.,"When his job along with that of his co-worker are threatened, Walter takes action in the real world embarking on a global journey that turns into an adventure more extraordinary than anything he could have ever imagined."
14 Oct 1994,tt0111161,80,http://ia.media-imdb.com/images/M/MV5BODU4MjU4NjIwNl5BMl5BanBnXkFtZTgwMDU2MjEyMDE@._V1_SX300.jpg,movie,"Stephen King (short story ""Rita Hayworth and Shawshank Redemption""), Frank Darabont (screenplay)",English,9.3,"Crime, Drama",1994,142 min,USA,R,"Tim Robbins, Morgan Freeman, Bob Gunton, William Sadler","1,684,836",Frank Darabont,The Shawshank Redemption,True,Nominated for 7 Oscars. Another 16 wins & 20 nominations.,"Two imprisoned men bond over a number of years, finding solace and eventual redemption through acts of common decency."
09 Oct 2015,tt3488710,70,http://ia.media-imdb.com/images/M/MV5BNTY4MzA4Mzc5Nl5BMl5BanBnXkFtZTgwNDIzMzk5NjE@._V1_SX300.jpg,movie,"Robert Zemeckis (screenplay), Christopher Browne (screenplay), Philippe Petit (book)","English, French",7.4,"Adventure, Biography, Drama",2015,123 min,USA,PG,"Joseph Gordon-Levitt, Guillaume Baillargeon, Émilie Leclerc, Mark Trafford","76,398",Robert Zemeckis,The Walk,True,3 wins & 15 nominations.,"In 1974, high-wire artist Philippe Petit recruits a team of people to help him realize his dream: to walk the immense void between the World Trade Center towers."
25 Dec 2013,tt0993846,75,http://ia.media-imdb.com/images/M/MV5BMjIxMjgxNTk0MF5BMl5BanBnXkFtZTgwNjIyOTg2MDE@._V1_SX300.jpg,movie,"Terence Winter (screenplay), Jordan Belfort (book)","English, French",8.2,"Biography, Comedy, Crime",2013,180 min,USA,R,"Leonardo DiCaprio, Jonah Hill, Margot Robbie, Matthew McConaughey","776,437",Martin Scorsese,The Wolf of Wall Street,True,Nominated for 5 Oscars. Another 35 wins & 154 nominations.,"Based on the true story of Jordan Belfort, from his rise to a wealthy stock-broker living the high life to his fall involving crime, corruption and the federal government."
08 Nov 2013,tt1981115,54,http://ia.media-imdb.com/images/M/MV5BMTQyNzAwOTUxOF5BMl5BanBnXkFtZTcwMTE0OTc5OQ@@._V1_SX300.jpg,movie,"Christopher Yost (screenplay), Christopher Markus (screenplay), Stephen McFeely (screenplay), Don Payne (story by), Robert Rodat (story by), Stan Lee (based on the Marvel comics by), Larry Lieber (based on the Marvel comics by), Jack Kirby (based on the Marvel comics by)",English,7.1,"Action, Adventure, Fantasy",2013,112 min,USA,PG-13,"Chris Hemsworth, Natalie Portman, Tom Hiddleston, Anthony Hopkins","412,589",Alan Taylor,Thor: The Dark World,True,2 wins & 18 nominations.,"When Dr. Jane Foster gets cursed with a powerful entity known as the Aether, Thor is heralded of the cosmic event known as the Convergence and the genocidal Dark Elves."
09 Aug 1996,tt0117951,83,http://ia.media-imdb.com/images/M/MV5BYzAyZjc3YWEtNjhlYy00MWZlLWIwODYtN2ZiMjYzYmJhYzk5XkEyXkFqcGdeQXVyNDk3NzU2MTQ@._V1_SX300.jpg,movie,"Irvine Welsh (novel), John Hodge (screenplay)",English,8.2,Drama,1996,94 min,UK,R,"Ewan McGregor, Ewen Bremner, Jonny Lee Miller, Kevin McKidd","468,955",Danny Boyle,Trainspotting,True,Nominated for 1 Oscar. Another 20 wins & 26 nominations.,"Renton, deeply immersed in the Edinburgh drug scene, tries to clean up and get out, despite the allure of the drugs and influence of friends."
06 Mar 2015,tt2358925,32,http://ia.media-imdb.com/images/M/MV5BNjg5NzU5ODE5OV5BMl5BanBnXkFtZTgwMjM1MjE2NDE@._V1_SX300.jpg,movie,Steve Conrad,English,5.4,Comedy,2015,91 min,USA,R,"Vince Vaughn, Tom Wilkinson, Dave Franco, Sienna Miller","22,946",Ken Scott,Unfinished Business,True,N/A,A hard-working small business owner and his two associates travel to Europe to close the most important deal of their lives. But what began as a routine business trip goes off the rails in every way imaginable - and unimaginable.
15 Oct 2014,tt2582802,88,http://ia.media-imdb.com/images/M/MV5BMTU4OTQ3MDUyMV5BMl5BanBnXkFtZTgwOTA2MjU0MjE@._V1_SX300.jpg,movie,Damien Chazelle,English,8.5,"Drama, Music",2014,107 min,USA,R,"Miles Teller, J.K. Simmons, Paul Reiser, Melissa Benoist","396,001",Damien Chazelle,Whiplash,True,Won 3 Oscars. Another 87 wins & 131 nominations.,A promising young drummer enrolls at a cut-throat music conservatory where his dreams of greatness are mentored by an instructor who will stop at nothing to realize a student's potential.
19 Dec 2014,tt2305051,76,http://ia.media-imdb.com/images/M/MV5BMTczNzI2MDc1Ml5BMl5BanBnXkFtZTgwOTU5NTYxMjE@._V1_SX300.jpg,movie,"Nick Hornby (screenplay), Cheryl Strayed (memoir ""Wild: From Lost to Found on the Pacific Crest Trail"")",English,7.1,"Adventure, Biography, Drama",2014,115 min,USA,R,"Reese Witherspoon, Laura Dern, Thomas Sadoski, Keene McRae","86,381",Jean-Marc Vallée,Wild,True,Nominated for 2 Oscars. Another 10 wins & 61 nominations.,"A chronicle of one woman's 1,100-mile solo hike undertaken as a way to recover from a recent personal tragedy."
04 Mar 2016,tt2948356,78,http://ia.media-imdb.com/images/M/MV5BOTMyMjEyNzIzMV5BMl5BanBnXkFtZTgwNzIyNjU0NzE@._V1_SX300.jpg,movie,"Byron Howard (story by), Rich Moore (story by), Jared Bush (story by), Jim Reardon (story by), Josie Trinidad (story by), Phil Johnston (story by), Jennifer Lee (story by), Jared Bush (screenplay), Phil Johnston (screenplay)","English, Norwegian",8.2,"Animation, Action, Adventure",2016,108 min,USA,PG,"Ginnifer Goodwin, Jason Bateman, Idris Elba, Jenny Slate","169,355","Byron Howard, Rich Moore, Jared Bush",Zootopia,True,1 win & 2 nominations.,"In a city of anthropomorphic animals, a rookie bunny cop and a cynical con artist fox must work together to uncover a conspiracy."
